title,price,product_code
Burgundy Embroidered Jogger Pyjama Set,€25.99,Product Code: 871250767
Navy Embroidered Short Pyjama Set,€22.99,Product Code: 871244541
Black Zip Through Hoodie,€29.99,Product Code: 870554501
Navy Check Cotton Button Front Overshirt,€39.99,Product Code: 869599841
Light Grey Check Cotton Button Front Overshirt,€39.99,Product Code: 869599808
Black Fisherman Knit Zip Neck Relaxed Fit Jumper,€39.99,Product Code: 868193001
Dark Grey Fine Knit Muscle Fit Jumper,€22.99,Product Code: 868061203
Navy Fine Knit Slim Fit Jumper,€22.99,Product Code: 868057041
Dark Grey Fine Knit Slim Fit Jumper,€22.99,Product Code: 868057003
Grey Formal Coat,€74.99,Product Code: 868026504
Black Formal Coat,€74.99,Product Code: 868026501
Black Hooded Puffer Jacket,€64.99,Product Code: 868019001
Navy Puffer Zip Up Gilet,€33.99,Product Code: 867999841
Navy Jogger Pyjama Set with Stripe Print,€29.99,Product Code: 871254041
Navy Embroidered Jogger Pyjama Set,€25.99,Product Code: 871250741
Grey Marl Embroidered Jogger Pyjama Set,€25.99,Product Code: 871250707
Black Paris Atelier Logo Hoodie,€39.99,Product Code: 871148601
Black Cotton Long Sleeve Polo Shirt,€17.99,Product Code: 871146401
Dark Grey Cuffed Joggers,€22.99,Product Code: 870555603
Grey Marl Zip Up Hoodie,€29.99,Product Code: 870554507
White Cotton Long Sleeve T-Shirt,€12.99,Product Code: 870522610
Black Cotton Long Sleeve T-Shirt,€12.99,Product Code: 870522601
Khaki Cotton Twill Overshirt,€33.99,Product Code: 869799934
Dark Grey Cotton Twill Overshirt,€33.99,Product Code: 869799903
Green Check Cotton Overshirt,€39.99,Product Code: 869780039
White Check Cotton Button Front Overshirt,€39.99,Product Code: 869599819
Green Cotton Check Long Sleeve Shirt,€25.99,Product Code: 869454839
Olive Fisherman Knit Zip Neck Relaxed Fit Jumper,€39.99,Product Code: 868193033
Light Brown Fisherman Knit Zip Neck Relaxed Fit Jumper,€39.99,Product Code: 868193021
Grey Ribbed Knit Crew Neck Jumper,€39.99,Product Code: 868150704
Navy Fine Knit Zip Neck Slim Fit Jumper,€29.99,Product Code: 868092641
Cream Fine Knit Zip Neck Slim Fit Jumper,€29.99,Product Code: 868092614
Navy Fine Knit Muscle Fit Jumper,€22.99,Product Code: 868061241
Black Fine Knit Slim Fit Jumper,€22.99,Product Code: 868057001
Off White Borg Zip Up Jacket,€59.99,Product Code: 868037212
Orange Check Zip Front Overshirt,€64.99,Product Code: 868035980
Grey Brushed Pocket Front Overshirt,€59.99,Product Code: 868030904
Black Brushed Pocket Front Overshirt,€59.99,Product Code: 868030901
Khaki Hooded Puffer Jacket,€64.99,Product Code: 868019034
Dark Grey Hooded Puffer Jacket,€64.99,Product Code: 868019003
Black Puffer Jacket,€59.99,Product Code: 868018801
Black Zip Neck Sweatshirt,€25.99,Product Code: 867576901
Stone Pocket Front Hoodie,€25.99,Product Code: 867569516
Stone Crew Neck Sweatshirt,€22.99,Product Code: 867564216
5 Pack Multicoloured Colour Block Stretch Socks,€17.99,Product Code: 850450099
5 Pack Multicoloured Colour Block Socks,€17.99,Product Code: 850449999
5 Pack Grey Black and Khaki Mixed Pattern Socks,€17.99,Product Code: 850448599
Black Long Sleeve Muscle Fit Oxford Shirt,€25.99,Product Code: 846720701
Burgundy Embroidered Jogger Pyjama Set,€25.99,Product Code: 871250767
Navy Embroidered Short Pyjama Set,€22.99,Product Code: 871244541
Black Zip Through Hoodie,€29.99,Product Code: 870554501
Navy Check Cotton Button Front Overshirt,€39.99,Product Code: 869599841
Light Grey Check Cotton Button Front Overshirt,€39.99,Product Code: 869599808
Black Fisherman Knit Zip Neck Relaxed Fit Jumper,€39.99,Product Code: 868193001
Dark Grey Fine Knit Muscle Fit Jumper,€22.99,Product Code: 868061203
Navy Fine Knit Slim Fit Jumper,€22.99,Product Code: 868057041
Dark Grey Fine Knit Slim Fit Jumper,€22.99,Product Code: 868057003
Grey Formal Coat,€74.99,Product Code: 868026504
Black Formal Coat,€74.99,Product Code: 868026501
Black Hooded Puffer Jacket,€64.99,Product Code: 868019001
Navy Puffer Zip Up Gilet,€33.99,Product Code: 867999841
Navy Jogger Pyjama Set with Stripe Print,€29.99,Product Code: 871254041
Navy Embroidered Jogger Pyjama Set,€25.99,Product Code: 871250741
Grey Marl Embroidered Jogger Pyjama Set,€25.99,Product Code: 871250707
Black Paris Atelier Logo Hoodie,€39.99,Product Code: 871148601
Black Cotton Long Sleeve Polo Shirt,€17.99,Product Code: 871146401
Dark Grey Cuffed Joggers,€22.99,Product Code: 870555603
Grey Marl Zip Up Hoodie,€29.99,Product Code: 870554507
White Cotton Long Sleeve T-Shirt,€12.99,Product Code: 870522610
Black Cotton Long Sleeve T-Shirt,€12.99,Product Code: 870522601
Khaki Cotton Twill Overshirt,€33.99,Product Code: 869799934
Dark Grey Cotton Twill Overshirt,€33.99,Product Code: 869799903
Green Check Cotton Overshirt,€39.99,Product Code: 869780039
White Check Cotton Button Front Overshirt,€39.99,Product Code: 869599819
Green Cotton Check Long Sleeve Shirt,€25.99,Product Code: 869454839
Olive Fisherman Knit Zip Neck Relaxed Fit Jumper,€39.99,Product Code: 868193033
Light Brown Fisherman Knit Zip Neck Relaxed Fit Jumper,€39.99,Product Code: 868193021
Grey Ribbed Knit Crew Neck Jumper,€39.99,Product Code: 868150704
Navy Fine Knit Zip Neck Slim Fit Jumper,€29.99,Product Code: 868092641
Cream Fine Knit Zip Neck Slim Fit Jumper,€29.99,Product Code: 868092614
Navy Fine Knit Muscle Fit Jumper,€22.99,Product Code: 868061241
Black Fine Knit Slim Fit Jumper,€22.99,Product Code: 868057001
Off White Borg Zip Up Jacket,€59.99,Product Code: 868037212
Orange Check Zip Front Overshirt,€64.99,Product Code: 868035980
Grey Brushed Pocket Front Overshirt,€59.99,Product Code: 868030904
Black Brushed Pocket Front Overshirt,€59.99,Product Code: 868030901
Khaki Hooded Puffer Jacket,€64.99,Product Code: 868019034
Dark Grey Hooded Puffer Jacket,€64.99,Product Code: 868019003
Black Puffer Jacket,€59.99,Product Code: 868018801
Black Zip Neck Sweatshirt,€25.99,Product Code: 867576901
Stone Pocket Front Hoodie,€25.99,Product Code: 867569516
Stone Crew Neck Sweatshirt,€22.99,Product Code: 867564216
5 Pack Multicoloured Colour Block Stretch Socks,€17.99,Product Code: 850450099
5 Pack Multicoloured Colour Block Socks,€17.99,Product Code: 850449999
5 Pack Grey Black and Khaki Mixed Pattern Socks,€17.99,Product Code: 850448599
Black Long Sleeve Muscle Fit Oxford Shirt,€25.99,Product Code: 846720701
Burgundy Embroidered Jogger Pyjama Set,€25.99,Product Code: 871250767
Navy Embroidered Short Pyjama Set,€22.99,Product Code: 871244541
Black Zip Through Hoodie,€29.99,Product Code: 870554501
Navy Check Cotton Button Front Overshirt,€39.99,Product Code: 869599841
Light Grey Check Cotton Button Front Overshirt,€39.99,Product Code: 869599808
Black Fisherman Knit Zip Neck Relaxed Fit Jumper,€39.99,Product Code: 868193001
Dark Grey Fine Knit Muscle Fit Jumper,€22.99,Product Code: 868061203
Navy Fine Knit Slim Fit Jumper,€22.99,Product Code: 868057041
Dark Grey Fine Knit Slim Fit Jumper,€22.99,Product Code: 868057003
Grey Formal Coat,€74.99,Product Code: 868026504
Black Formal Coat,€74.99,Product Code: 868026501
Black Hooded Puffer Jacket,€64.99,Product Code: 868019001
Navy Puffer Zip Up Gilet,€33.99,Product Code: 867999841
Navy Jogger Pyjama Set with Stripe Print,€29.99,Product Code: 871254041
Navy Embroidered Jogger Pyjama Set,€25.99,Product Code: 871250741
Grey Marl Embroidered Jogger Pyjama Set,€25.99,Product Code: 871250707
Black Paris Atelier Logo Hoodie,€39.99,Product Code: 871148601
Black Cotton Long Sleeve Polo Shirt,€17.99,Product Code: 871146401
Dark Grey Cuffed Joggers,€22.99,Product Code: 870555603
Grey Marl Zip Up Hoodie,€29.99,Product Code: 870554507
White Cotton Long Sleeve T-Shirt,€12.99,Product Code: 870522610
Black Cotton Long Sleeve T-Shirt,€12.99,Product Code: 870522601
Khaki Cotton Twill Overshirt,€33.99,Product Code: 869799934
Dark Grey Cotton Twill Overshirt,€33.99,Product Code: 869799903
Green Check Cotton Overshirt,€39.99,Product Code: 869780039
White Check Cotton Button Front Overshirt,€39.99,Product Code: 869599819
Green Cotton Check Long Sleeve Shirt,€25.99,Product Code: 869454839
Olive Fisherman Knit Zip Neck Relaxed Fit Jumper,€39.99,Product Code: 868193033
Light Brown Fisherman Knit Zip Neck Relaxed Fit Jumper,€39.99,Product Code: 868193021
Grey Ribbed Knit Crew Neck Jumper,€39.99,Product Code: 868150704
Navy Fine Knit Zip Neck Slim Fit Jumper,€29.99,Product Code: 868092641
Cream Fine Knit Zip Neck Slim Fit Jumper,€29.99,Product Code: 868092614
Navy Fine Knit Muscle Fit Jumper,€22.99,Product Code: 868061241
Black Fine Knit Slim Fit Jumper,€22.99,Product Code: 868057001
Off White Borg Zip Up Jacket,€59.99,Product Code: 868037212
Orange Check Zip Front Overshirt,€64.99,Product Code: 868035980
Grey Brushed Pocket Front Overshirt,€59.99,Product Code: 868030904
Black Brushed Pocket Front Overshirt,€59.99,Product Code: 868030901
Khaki Hooded Puffer Jacket,€64.99,Product Code: 868019034
Dark Grey Hooded Puffer Jacket,€64.99,Product Code: 868019003
Black Puffer Jacket,€59.99,Product Code: 868018801
Black Zip Neck Sweatshirt,€25.99,Product Code: 867576901
Stone Pocket Front Hoodie,€25.99,Product Code: 867569516
Stone Crew Neck Sweatshirt,€22.99,Product Code: 867564216
5 Pack Multicoloured Colour Block Stretch Socks,€17.99,Product Code: 850450099
5 Pack Multicoloured Colour Block Socks,€17.99,Product Code: 850449999
5 Pack Grey Black and Khaki Mixed Pattern Socks,€17.99,Product Code: 850448599
Black Long Sleeve Muscle Fit Oxford Shirt,€25.99,Product Code: 846720701
Burgundy Embroidered Jogger Pyjama Set,€25.99,Product Code: 871250767
Navy Embroidered Short Pyjama Set,€22.99,Product Code: 871244541
Black Zip Through Hoodie,€29.99,Product Code: 870554501
Navy Check Cotton Button Front Overshirt,€39.99,Product Code: 869599841
Light Grey Check Cotton Button Front Overshirt,€39.99,Product Code: 869599808
Black Fisherman Knit Zip Neck Relaxed Fit Jumper,€39.99,Product Code: 868193001
Dark Grey Fine Knit Muscle Fit Jumper,€22.99,Product Code: 868061203
Navy Fine Knit Slim Fit Jumper,€22.99,Product Code: 868057041
Dark Grey Fine Knit Slim Fit Jumper,€22.99,Product Code: 868057003
Grey Formal Coat,€74.99,Product Code: 868026504
Black Formal Coat,€74.99,Product Code: 868026501
Black Hooded Puffer Jacket,€64.99,Product Code: 868019001
Navy Puffer Zip Up Gilet,€33.99,Product Code: 867999841
Navy Jogger Pyjama Set with Stripe Print,€29.99,Product Code: 871254041
Navy Embroidered Jogger Pyjama Set,€25.99,Product Code: 871250741
Grey Marl Embroidered Jogger Pyjama Set,€25.99,Product Code: 871250707
Black Paris Atelier Logo Hoodie,€39.99,Product Code: 871148601
Black Cotton Long Sleeve Polo Shirt,€17.99,Product Code: 871146401
Dark Grey Cuffed Joggers,€22.99,Product Code: 870555603
Grey Marl Zip Up Hoodie,€29.99,Product Code: 870554507
White Cotton Long Sleeve T-Shirt,€12.99,Product Code: 870522610
Black Cotton Long Sleeve T-Shirt,€12.99,Product Code: 870522601
Khaki Cotton Twill Overshirt,€33.99,Product Code: 869799934
Dark Grey Cotton Twill Overshirt,€33.99,Product Code: 869799903
Green Check Cotton Overshirt,€39.99,Product Code: 869780039
White Check Cotton Button Front Overshirt,€39.99,Product Code: 869599819
Green Cotton Check Long Sleeve Shirt,€25.99,Product Code: 869454839
Olive Fisherman Knit Zip Neck Relaxed Fit Jumper,€39.99,Product Code: 868193033
Light Brown Fisherman Knit Zip Neck Relaxed Fit Jumper,€39.99,Product Code: 868193021
Grey Ribbed Knit Crew Neck Jumper,€39.99,Product Code: 868150704
Navy Fine Knit Zip Neck Slim Fit Jumper,€29.99,Product Code: 868092641
Cream Fine Knit Zip Neck Slim Fit Jumper,€29.99,Product Code: 868092614
Navy Fine Knit Muscle Fit Jumper,€22.99,Product Code: 868061241
Black Fine Knit Slim Fit Jumper,€22.99,Product Code: 868057001
Off White Borg Zip Up Jacket,€59.99,Product Code: 868037212
Orange Check Zip Front Overshirt,€64.99,Product Code: 868035980
Grey Brushed Pocket Front Overshirt,€59.99,Product Code: 868030904
Black Brushed Pocket Front Overshirt,€59.99,Product Code: 868030901
Khaki Hooded Puffer Jacket,€64.99,Product Code: 868019034
Dark Grey Hooded Puffer Jacket,€64.99,Product Code: 868019003
Black Puffer Jacket,€59.99,Product Code: 868018801
Black Zip Neck Sweatshirt,€25.99,Product Code: 867576901
Stone Pocket Front Hoodie,€25.99,Product Code: 867569516
Stone Crew Neck Sweatshirt,€22.99,Product Code: 867564216
5 Pack Multicoloured Colour Block Stretch Socks,€17.99,Product Code: 850450099
5 Pack Multicoloured Colour Block Socks,€17.99,Product Code: 850449999
5 Pack Grey Black and Khaki Mixed Pattern Socks,€17.99,Product Code: 850448599
Black Long Sleeve Muscle Fit Oxford Shirt,€25.99,Product Code: 846720701
Burgundy Embroidered Jogger Pyjama Set,€25.99,Product Code: 871250767
Navy Embroidered Short Pyjama Set,€22.99,Product Code: 871244541
Black Zip Through Hoodie,€29.99,Product Code: 870554501
Navy Check Cotton Button Front Overshirt,€39.99,Product Code: 869599841
Light Grey Check Cotton Button Front Overshirt,€39.99,Product Code: 869599808
Black Fisherman Knit Zip Neck Relaxed Fit Jumper,€39.99,Product Code: 868193001
Dark Grey Fine Knit Muscle Fit Jumper,€22.99,Product Code: 868061203
Navy Fine Knit Slim Fit Jumper,€22.99,Product Code: 868057041
Dark Grey Fine Knit Slim Fit Jumper,€22.99,Product Code: 868057003
Grey Formal Coat,€74.99,Product Code: 868026504
Black Formal Coat,€74.99,Product Code: 868026501
Black Hooded Puffer Jacket,€64.99,Product Code: 868019001
Navy Puffer Zip Up Gilet,€33.99,Product Code: 867999841
Navy Jogger Pyjama Set with Stripe Print,€29.99,Product Code: 871254041
Navy Embroidered Jogger Pyjama Set,€25.99,Product Code: 871250741
Grey Marl Embroidered Jogger Pyjama Set,€25.99,Product Code: 871250707
Black Paris Atelier Logo Hoodie,€39.99,Product Code: 871148601
Black Cotton Long Sleeve Polo Shirt,€17.99,Product Code: 871146401
Dark Grey Cuffed Joggers,€22.99,Product Code: 870555603
Grey Marl Zip Up Hoodie,€29.99,Product Code: 870554507
White Cotton Long Sleeve T-Shirt,€12.99,Product Code: 870522610
Black Cotton Long Sleeve T-Shirt,€12.99,Product Code: 870522601
Khaki Cotton Twill Overshirt,€33.99,Product Code: 869799934
Dark Grey Cotton Twill Overshirt,€33.99,Product Code: 869799903
Green Check Cotton Overshirt,€39.99,Product Code: 869780039
White Check Cotton Button Front Overshirt,€39.99,Product Code: 869599819
Green Cotton Check Long Sleeve Shirt,€25.99,Product Code: 869454839
Olive Fisherman Knit Zip Neck Relaxed Fit Jumper,€39.99,Product Code: 868193033
Light Brown Fisherman Knit Zip Neck Relaxed Fit Jumper,€39.99,Product Code: 868193021
Grey Ribbed Knit Crew Neck Jumper,€39.99,Product Code: 868150704
Navy Fine Knit Zip Neck Slim Fit Jumper,€29.99,Product Code: 868092641
Cream Fine Knit Zip Neck Slim Fit Jumper,€29.99,Product Code: 868092614
Navy Fine Knit Muscle Fit Jumper,€22.99,Product Code: 868061241
Black Fine Knit Slim Fit Jumper,€22.99,Product Code: 868057001
Off White Borg Zip Up Jacket,€59.99,Product Code: 868037212
Orange Check Zip Front Overshirt,€64.99,Product Code: 868035980
Grey Brushed Pocket Front Overshirt,€59.99,Product Code: 868030904
Black Brushed Pocket Front Overshirt,€59.99,Product Code: 868030901
Khaki Hooded Puffer Jacket,€64.99,Product Code: 868019034
Dark Grey Hooded Puffer Jacket,€64.99,Product Code: 868019003
Black Puffer Jacket,€59.99,Product Code: 868018801
Black Zip Neck Sweatshirt,€25.99,Product Code: 867576901
Stone Pocket Front Hoodie,€25.99,Product Code: 867569516
Stone Crew Neck Sweatshirt,€22.99,Product Code: 867564216
5 Pack Multicoloured Colour Block Stretch Socks,€17.99,Product Code: 850450099
5 Pack Multicoloured Colour Block Socks,€17.99,Product Code: 850449999
5 Pack Grey Black and Khaki Mixed Pattern Socks,€17.99,Product Code: 850448599
Black Long Sleeve Muscle Fit Oxford Shirt,€25.99,Product Code: 846720701
Burgundy Embroidered Jogger Pyjama Set,€25.99,Product Code: 871250767
Navy Embroidered Short Pyjama Set,€22.99,Product Code: 871244541
Black Zip Through Hoodie,€29.99,Product Code: 870554501
Navy Check Cotton Button Front Overshirt,€39.99,Product Code: 869599841
Light Grey Check Cotton Button Front Overshirt,€39.99,Product Code: 869599808
Black Fisherman Knit Zip Neck Relaxed Fit Jumper,€39.99,Product Code: 868193001
Dark Grey Fine Knit Muscle Fit Jumper,€22.99,Product Code: 868061203
Navy Fine Knit Slim Fit Jumper,€22.99,Product Code: 868057041
Dark Grey Fine Knit Slim Fit Jumper,€22.99,Product Code: 868057003
Grey Formal Coat,€74.99,Product Code: 868026504
Black Formal Coat,€74.99,Product Code: 868026501
Black Hooded Puffer Jacket,€64.99,Product Code: 868019001
Navy Puffer Zip Up Gilet,€33.99,Product Code: 867999841
Navy Jogger Pyjama Set with Stripe Print,€29.99,Product Code: 871254041
Navy Embroidered Jogger Pyjama Set,€25.99,Product Code: 871250741
Grey Marl Embroidered Jogger Pyjama Set,€25.99,Product Code: 871250707
Black Paris Atelier Logo Hoodie,€39.99,Product Code: 871148601
Black Cotton Long Sleeve Polo Shirt,€17.99,Product Code: 871146401
Dark Grey Cuffed Joggers,€22.99,Product Code: 870555603
Grey Marl Zip Up Hoodie,€29.99,Product Code: 870554507
White Cotton Long Sleeve T-Shirt,€12.99,Product Code: 870522610
Black Cotton Long Sleeve T-Shirt,€12.99,Product Code: 870522601
Khaki Cotton Twill Overshirt,€33.99,Product Code: 869799934
Dark Grey Cotton Twill Overshirt,€33.99,Product Code: 869799903
Green Check Cotton Overshirt,€39.99,Product Code: 869780039
White Check Cotton Button Front Overshirt,€39.99,Product Code: 869599819
Green Cotton Check Long Sleeve Shirt,€25.99,Product Code: 869454839
Olive Fisherman Knit Zip Neck Relaxed Fit Jumper,€39.99,Product Code: 868193033
Light Brown Fisherman Knit Zip Neck Relaxed Fit Jumper,€39.99,Product Code: 868193021
Grey Ribbed Knit Crew Neck Jumper,€39.99,Product Code: 868150704
Navy Fine Knit Zip Neck Slim Fit Jumper,€29.99,Product Code: 868092641
Cream Fine Knit Zip Neck Slim Fit Jumper,€29.99,Product Code: 868092614
Navy Fine Knit Muscle Fit Jumper,€22.99,Product Code: 868061241
Black Fine Knit Slim Fit Jumper,€22.99,Product Code: 868057001
Off White Borg Zip Up Jacket,€59.99,Product Code: 868037212
Orange Check Zip Front Overshirt,€64.99,Product Code: 868035980
Grey Brushed Pocket Front Overshirt,€59.99,Product Code: 868030904
Black Brushed Pocket Front Overshirt,€59.99,Product Code: 868030901
Khaki Hooded Puffer Jacket,€64.99,Product Code: 868019034
Dark Grey Hooded Puffer Jacket,€64.99,Product Code: 868019003
Black Puffer Jacket,€59.99,Product Code: 868018801
Black Zip Neck Sweatshirt,€25.99,Product Code: 867576901
Stone Pocket Front Hoodie,€25.99,Product Code: 867569516
Stone Crew Neck Sweatshirt,€22.99,Product Code: 867564216
5 Pack Multicoloured Colour Block Stretch Socks,€17.99,Product Code: 850450099
5 Pack Multicoloured Colour Block Socks,€17.99,Product Code: 850449999
5 Pack Grey Black and Khaki Mixed Pattern Socks,€17.99,Product Code: 850448599
Black Long Sleeve Muscle Fit Oxford Shirt,€25.99,Product Code: 846720701
Burgundy Embroidered Jogger Pyjama Set,€25.99,Product Code: 871250767
Navy Embroidered Short Pyjama Set,€22.99,Product Code: 871244541
Black Zip Through Hoodie,€29.99,Product Code: 870554501
Navy Check Cotton Button Front Overshirt,€39.99,Product Code: 869599841
Light Grey Check Cotton Button Front Overshirt,€39.99,Product Code: 869599808
Black Fisherman Knit Zip Neck Relaxed Fit Jumper,€39.99,Product Code: 868193001
Dark Grey Fine Knit Muscle Fit Jumper,€22.99,Product Code: 868061203
Navy Fine Knit Slim Fit Jumper,€22.99,Product Code: 868057041
Dark Grey Fine Knit Slim Fit Jumper,€22.99,Product Code: 868057003
Grey Formal Coat,€74.99,Product Code: 868026504
Black Formal Coat,€74.99,Product Code: 868026501
Black Hooded Puffer Jacket,€64.99,Product Code: 868019001
Navy Puffer Zip Up Gilet,€33.99,Product Code: 867999841
Navy Jogger Pyjama Set with Stripe Print,€29.99,Product Code: 871254041
Navy Embroidered Jogger Pyjama Set,€25.99,Product Code: 871250741
Grey Marl Embroidered Jogger Pyjama Set,€25.99,Product Code: 871250707
Black Paris Atelier Logo Hoodie,€39.99,Product Code: 871148601
Black Cotton Long Sleeve Polo Shirt,€17.99,Product Code: 871146401
Dark Grey Cuffed Joggers,€22.99,Product Code: 870555603
Grey Marl Zip Up Hoodie,€29.99,Product Code: 870554507
White Cotton Long Sleeve T-Shirt,€12.99,Product Code: 870522610
Black Cotton Long Sleeve T-Shirt,€12.99,Product Code: 870522601
Khaki Cotton Twill Overshirt,€33.99,Product Code: 869799934
Dark Grey Cotton Twill Overshirt,€33.99,Product Code: 869799903
Green Check Cotton Overshirt,€39.99,Product Code: 869780039
White Check Cotton Button Front Overshirt,€39.99,Product Code: 869599819
Green Cotton Check Long Sleeve Shirt,€25.99,Product Code: 869454839
Olive Fisherman Knit Zip Neck Relaxed Fit Jumper,€39.99,Product Code: 868193033
Light Brown Fisherman Knit Zip Neck Relaxed Fit Jumper,€39.99,Product Code: 868193021
Grey Ribbed Knit Crew Neck Jumper,€39.99,Product Code: 868150704
Navy Fine Knit Zip Neck Slim Fit Jumper,€29.99,Product Code: 868092641
Cream Fine Knit Zip Neck Slim Fit Jumper,€29.99,Product Code: 868092614
Navy Fine Knit Muscle Fit Jumper,€22.99,Product Code: 868061241
Black Fine Knit Slim Fit Jumper,€22.99,Product Code: 868057001
Off White Borg Zip Up Jacket,€59.99,Product Code: 868037212
Orange Check Zip Front Overshirt,€64.99,Product Code: 868035980
Grey Brushed Pocket Front Overshirt,€59.99,Product Code: 868030904
Black Brushed Pocket Front Overshirt,€59.99,Product Code: 868030901
Khaki Hooded Puffer Jacket,€64.99,Product Code: 868019034
Dark Grey Hooded Puffer Jacket,€64.99,Product Code: 868019003
Black Puffer Jacket,€59.99,Product Code: 868018801
Black Zip Neck Sweatshirt,€25.99,Product Code: 867576901
Stone Pocket Front Hoodie,€25.99,Product Code: 867569516
Stone Crew Neck Sweatshirt,€22.99,Product Code: 867564216
5 Pack Multicoloured Colour Block Stretch Socks,€17.99,Product Code: 850450099
5 Pack Multicoloured Colour Block Socks,€17.99,Product Code: 850449999
5 Pack Grey Black and Khaki Mixed Pattern Socks,€17.99,Product Code: 850448599
Black Long Sleeve Muscle Fit Oxford Shirt,€25.99,Product Code: 846720701
Burgundy Embroidered Jogger Pyjama Set,€25.99,Product Code: 871250767
Navy Embroidered Short Pyjama Set,€22.99,Product Code: 871244541
Black Zip Through Hoodie,€29.99,Product Code: 870554501
Navy Check Cotton Button Front Overshirt,€39.99,Product Code: 869599841
Light Grey Check Cotton Button Front Overshirt,€39.99,Product Code: 869599808
Black Fisherman Knit Zip Neck Relaxed Fit Jumper,€39.99,Product Code: 868193001
Dark Grey Fine Knit Muscle Fit Jumper,€22.99,Product Code: 868061203
Navy Fine Knit Slim Fit Jumper,€22.99,Product Code: 868057041
Dark Grey Fine Knit Slim Fit Jumper,€22.99,Product Code: 868057003
Grey Formal Coat,€74.99,Product Code: 868026504
Black Formal Coat,€74.99,Product Code: 868026501
Black Hooded Puffer Jacket,€64.99,Product Code: 868019001
Navy Puffer Zip Up Gilet,€33.99,Product Code: 867999841
Navy Jogger Pyjama Set with Stripe Print,€29.99,Product Code: 871254041
Navy Embroidered Jogger Pyjama Set,€25.99,Product Code: 871250741
Grey Marl Embroidered Jogger Pyjama Set,€25.99,Product Code: 871250707
Black Paris Atelier Logo Hoodie,€39.99,Product Code: 871148601
Black Cotton Long Sleeve Polo Shirt,€17.99,Product Code: 871146401
Dark Grey Cuffed Joggers,€22.99,Product Code: 870555603
Grey Marl Zip Up Hoodie,€29.99,Product Code: 870554507
White Cotton Long Sleeve T-Shirt,€12.99,Product Code: 870522610
Black Cotton Long Sleeve T-Shirt,€12.99,Product Code: 870522601
Khaki Cotton Twill Overshirt,€33.99,Product Code: 869799934
Dark Grey Cotton Twill Overshirt,€33.99,Product Code: 869799903
Green Check Cotton Overshirt,€39.99,Product Code: 869780039
White Check Cotton Button Front Overshirt,€39.99,Product Code: 869599819
Green Cotton Check Long Sleeve Shirt,€25.99,Product Code: 869454839
Olive Fisherman Knit Zip Neck Relaxed Fit Jumper,€39.99,Product Code: 868193033
Light Brown Fisherman Knit Zip Neck Relaxed Fit Jumper,€39.99,Product Code: 868193021
Grey Ribbed Knit Crew Neck Jumper,€39.99,Product Code: 868150704
Navy Fine Knit Zip Neck Slim Fit Jumper,€29.99,Product Code: 868092641
Cream Fine Knit Zip Neck Slim Fit Jumper,€29.99,Product Code: 868092614
Navy Fine Knit Muscle Fit Jumper,€22.99,Product Code: 868061241
Black Fine Knit Slim Fit Jumper,€22.99,Product Code: 868057001
Off White Borg Zip Up Jacket,€59.99,Product Code: 868037212
Orange Check Zip Front Overshirt,€64.99,Product Code: 868035980
Grey Brushed Pocket Front Overshirt,€59.99,Product Code: 868030904
Black Brushed Pocket Front Overshirt,€59.99,Product Code: 868030901
Khaki Hooded Puffer Jacket,€64.99,Product Code: 868019034
Dark Grey Hooded Puffer Jacket,€64.99,Product Code: 868019003
Black Puffer Jacket,€59.99,Product Code: 868018801
Black Zip Neck Sweatshirt,€25.99,Product Code: 867576901
Stone Pocket Front Hoodie,€25.99,Product Code: 867569516
Stone Crew Neck Sweatshirt,€22.99,Product Code: 867564216
5 Pack Multicoloured Colour Block Stretch Socks,€17.99,Product Code: 850450099
5 Pack Multicoloured Colour Block Socks,€17.99,Product Code: 850449999
5 Pack Grey Black and Khaki Mixed Pattern Socks,€17.99,Product Code: 850448599
Black Long Sleeve Muscle Fit Oxford Shirt,€25.99,Product Code: 846720701
Burgundy Embroidered Jogger Pyjama Set,€25.99,Product Code: 871250767
Navy Embroidered Short Pyjama Set,€22.99,Product Code: 871244541
Black Zip Through Hoodie,€29.99,Product Code: 870554501
Navy Check Cotton Button Front Overshirt,€39.99,Product Code: 869599841
Light Grey Check Cotton Button Front Overshirt,€39.99,Product Code: 869599808
Black Fisherman Knit Zip Neck Relaxed Fit Jumper,€39.99,Product Code: 868193001
Dark Grey Fine Knit Muscle Fit Jumper,€22.99,Product Code: 868061203
Navy Fine Knit Slim Fit Jumper,€22.99,Product Code: 868057041
Dark Grey Fine Knit Slim Fit Jumper,€22.99,Product Code: 868057003
Grey Formal Coat,€74.99,Product Code: 868026504
Black Formal Coat,€74.99,Product Code: 868026501
Black Hooded Puffer Jacket,€64.99,Product Code: 868019001
Navy Puffer Zip Up Gilet,€33.99,Product Code: 867999841
Navy Jogger Pyjama Set with Stripe Print,€29.99,Product Code: 871254041
Navy Embroidered Jogger Pyjama Set,€25.99,Product Code: 871250741
Grey Marl Embroidered Jogger Pyjama Set,€25.99,Product Code: 871250707
Black Paris Atelier Logo Hoodie,€39.99,Product Code: 871148601
Black Cotton Long Sleeve Polo Shirt,€17.99,Product Code: 871146401
Dark Grey Cuffed Joggers,€22.99,Product Code: 870555603
Grey Marl Zip Up Hoodie,€29.99,Product Code: 870554507
White Cotton Long Sleeve T-Shirt,€12.99,Product Code: 870522610
Black Cotton Long Sleeve T-Shirt,€12.99,Product Code: 870522601
Khaki Cotton Twill Overshirt,€33.99,Product Code: 869799934
Dark Grey Cotton Twill Overshirt,€33.99,Product Code: 869799903
Green Check Cotton Overshirt,€39.99,Product Code: 869780039
White Check Cotton Button Front Overshirt,€39.99,Product Code: 869599819
Green Cotton Check Long Sleeve Shirt,€25.99,Product Code: 869454839
Olive Fisherman Knit Zip Neck Relaxed Fit Jumper,€39.99,Product Code: 868193033
Light Brown Fisherman Knit Zip Neck Relaxed Fit Jumper,€39.99,Product Code: 868193021
Grey Ribbed Knit Crew Neck Jumper,€39.99,Product Code: 868150704
Navy Fine Knit Zip Neck Slim Fit Jumper,€29.99,Product Code: 868092641
Cream Fine Knit Zip Neck Slim Fit Jumper,€29.99,Product Code: 868092614
Navy Fine Knit Muscle Fit Jumper,€22.99,Product Code: 868061241
Black Fine Knit Slim Fit Jumper,€22.99,Product Code: 868057001
Off White Borg Zip Up Jacket,€59.99,Product Code: 868037212
Orange Check Zip Front Overshirt,€64.99,Product Code: 868035980
Grey Brushed Pocket Front Overshirt,€59.99,Product Code: 868030904
Black Brushed Pocket Front Overshirt,€59.99,Product Code: 868030901
Khaki Hooded Puffer Jacket,€64.99,Product Code: 868019034
Dark Grey Hooded Puffer Jacket,€64.99,Product Code: 868019003
Black Puffer Jacket,€59.99,Product Code: 868018801
Black Zip Neck Sweatshirt,€25.99,Product Code: 867576901
Stone Pocket Front Hoodie,€25.99,Product Code: 867569516
Stone Crew Neck Sweatshirt,€22.99,Product Code: 867564216
5 Pack Multicoloured Colour Block Stretch Socks,€17.99,Product Code: 850450099
5 Pack Multicoloured Colour Block Socks,€17.99,Product Code: 850449999
5 Pack Grey Black and Khaki Mixed Pattern Socks,€17.99,Product Code: 850448599
Black Long Sleeve Muscle Fit Oxford Shirt,€25.99,Product Code: 846720701
Burgundy Embroidered Jogger Pyjama Set,€25.99,Product Code: 871250767
Navy Embroidered Short Pyjama Set,€22.99,Product Code: 871244541
Black Zip Through Hoodie,€29.99,Product Code: 870554501
Navy Check Cotton Button Front Overshirt,€39.99,Product Code: 869599841
Light Grey Check Cotton Button Front Overshirt,€39.99,Product Code: 869599808
Black Fisherman Knit Zip Neck Relaxed Fit Jumper,€39.99,Product Code: 868193001
Dark Grey Fine Knit Muscle Fit Jumper,€22.99,Product Code: 868061203
Navy Fine Knit Slim Fit Jumper,€22.99,Product Code: 868057041
Dark Grey Fine Knit Slim Fit Jumper,€22.99,Product Code: 868057003
Grey Formal Coat,€74.99,Product Code: 868026504
Black Formal Coat,€74.99,Product Code: 868026501
Black Hooded Puffer Jacket,€64.99,Product Code: 868019001
Navy Puffer Zip Up Gilet,€33.99,Product Code: 867999841
Navy Jogger Pyjama Set with Stripe Print,€29.99,Product Code: 871254041
Navy Embroidered Jogger Pyjama Set,€25.99,Product Code: 871250741
Grey Marl Embroidered Jogger Pyjama Set,€25.99,Product Code: 871250707
Black Paris Atelier Logo Hoodie,€39.99,Product Code: 871148601
Black Cotton Long Sleeve Polo Shirt,€17.99,Product Code: 871146401
Dark Grey Cuffed Joggers,€22.99,Product Code: 870555603
Grey Marl Zip Up Hoodie,€29.99,Product Code: 870554507
White Cotton Long Sleeve T-Shirt,€12.99,Product Code: 870522610
Black Cotton Long Sleeve T-Shirt,€12.99,Product Code: 870522601
Khaki Cotton Twill Overshirt,€33.99,Product Code: 869799934
Dark Grey Cotton Twill Overshirt,€33.99,Product Code: 869799903
Green Check Cotton Overshirt,€39.99,Product Code: 869780039
White Check Cotton Button Front Overshirt,€39.99,Product Code: 869599819
Green Cotton Check Long Sleeve Shirt,€25.99,Product Code: 869454839
Olive Fisherman Knit Zip Neck Relaxed Fit Jumper,€39.99,Product Code: 868193033
Light Brown Fisherman Knit Zip Neck Relaxed Fit Jumper,€39.99,Product Code: 868193021
Grey Ribbed Knit Crew Neck Jumper,€39.99,Product Code: 868150704
Navy Fine Knit Zip Neck Slim Fit Jumper,€29.99,Product Code: 868092641
Cream Fine Knit Zip Neck Slim Fit Jumper,€29.99,Product Code: 868092614
Navy Fine Knit Muscle Fit Jumper,€22.99,Product Code: 868061241
Black Fine Knit Slim Fit Jumper,€22.99,Product Code: 868057001
Off White Borg Zip Up Jacket,€59.99,Product Code: 868037212
Orange Check Zip Front Overshirt,€64.99,Product Code: 868035980
Grey Brushed Pocket Front Overshirt,€59.99,Product Code: 868030904
Black Brushed Pocket Front Overshirt,€59.99,Product Code: 868030901
